Test Idx, PASS/FAIL
192, PASS
193, PASS
194, PASS
195, PASS
196, PASS
197, PASS
198, PASS
199, PASS
200, PASS
201, PASS
202, PASS
203, PASS
204, PASS
205, PASS
206, PASS
207, PASS
208, PASS
209, PASS
210, PASS
211, PASS
212, PASS
213, PASS
214, PASS
215, PASS
216, PASS
217, PASS
218, PASS
219, PASS
220, PASS
221, PASS
222, PASS
223, PASS
224, PASS
225, PASS
226, PASS
227, PASS
228, PASS
229, PASS
230, PASS
231, PASS
232, PASS
233, PASS
234, PASS
235, PASS
236, PASS
237, PASS
238, PASS
239, PASS
